Epoch,Loss,Accuracy
1,3.1703038,0.17912947
